{"cameraMode":{"drawMode":0,"name":"Shaded","section":"Shading Mode"},"sceneLighting":true,"audioPlay":false,"sceneViewState":{"m_AlwaysRefresh":false,"showFog":true,"showSkybox":true,"showFlares":true,"showImageEffects":true,"showParticleSystems":true,"showVisualEffectGraphs":true,"m_FxEnabled":false},"in2DMode":false,"pivot":{"x":1.5341401100158692,"y":2.3661985397338869,"z":-5.480329990386963},"rotation":{"x":-0.011516914702951908,"y":-0.2820188105106354,"z":0.003371243132278323,"w":-0.9593592286109924},"size":2.715634822845459,"orthographic":false}