{"cameraMode":{"drawMode":0,"name":"Shaded","section":"Shading Mode"},"sceneLighting":true,"audioPlay":false,"sceneViewState":{"m_AlwaysRefresh":false,"showFog":true,"showSkybox":true,"showFlares":true,"showImageEffects":true,"showParticleSystems":true,"showVisualEffectGraphs":true,"m_FxEnabled":false},"in2DMode":false,"pivot":{"x":-8.959208488464356,"y":3.2329001426696779,"z":-5.3247880935668949},"rotation":{"x":0.00020777719328179955,"y":0.99390709400177,"z":0.0014861786039546133,"w":-0.11048422753810883},"size":9.778558731079102,"orthographic":false}