{"cameraMode":{"drawMode":0,"name":"Shaded","section":"Shading Mode"},"sceneLighting":false,"audioPlay":false,"sceneViewState":{"m_AlwaysRefresh":false,"showFog":true,"showSkybox":true,"showFlares":true,"showImageEffects":true,"showParticleSystems":true,"showVisualEffectGraphs":true,"m_FxEnabled":false},"in2DMode":false,"pivot":{"x":12.852361679077149,"y":1.3598135709762574,"z":-5.021324634552002},"rotation":{"x":0.11353004723787308,"y":0.06221926584839821,"z":-0.007124194875359535,"w":0.9915598034858704},"size":12.075301170349121,"orthographic":true}